GPID;GRID;PFID;CRAT;CHAT
0;24;98;0001-01-01 00:00:00;0001-01-01 00:00:00
44;5;51;2026-03-24 21:51:04;2026-03-24 21:51:04
45;19;51;2026-03-24 21:51:04;2026-03-24 21:51:04
46;24;51;2026-03-24 21:51:04;2026-03-24 21:51:04
247;5;55;2026-03-27 16:59:08;2026-03-27 16:59:08
248;9;55;2026-03-27 16:59:08;2026-03-27 16:59:08
249;14;55;2026-03-27 16:59:08;2026-03-27 16:59:08
250;15;55;2026-03-27 16:59:08;2026-03-27 16:59:08
251;16;55;2026-03-27 16:59:08;2026-03-27 16:59:08
252;19;55;2026-03-27 16:59:08;2026-03-27 16:59:08
253;20;55;2026-03-27 16:59:08;2026-03-27 16:59:08
254;21;55;2026-03-27 16:59:08;2026-03-27 16:59:08
255;23;55;2026-03-27 16:59:08;2026-03-27 16:59:08
256;24;55;2026-03-27 16:59:08;2026-03-27 16:59:08
486;15;8;2026-03-28 23:03:22;2026-03-28 23:03:22
577;5;70;2026-04-04 19:14:48;2026-04-04 19:14:48
578;14;70;2026-04-04 19:14:48;2026-04-04 19:14:48
579;15;70;2026-04-04 19:14:48;2026-04-04 19:14:48
580;16;70;2026-04-04 19:14:48;2026-04-04 19:14:48
581;19;70;2026-04-04 19:14:48;2026-04-04 19:14:48
582;23;70;2026-04-04 19:14:48;2026-04-04 19:14:48
593;5;71;2026-04-05 11:19:36;2026-04-05 11:19:36
594;9;71;2026-04-05 11:19:36;2026-04-05 11:19:36
595;10;71;2026-04-05 11:19:36;2026-04-05 11:19:36
596;14;71;2026-04-05 11:19:36;2026-04-05 11:19:36
597;15;71;2026-04-05 11:19:36;2026-04-05 11:19:36
598;16;71;2026-04-05 11:19:36;2026-04-05 11:19:36
599;19;71;2026-04-05 11:19:36;2026-04-05 11:19:36
600;20;71;2026-04-05 11:19:36;2026-04-05 11:19:36
601;21;71;2026-04-05 11:19:36;2026-04-05 11:19:36
602;24;71;2026-04-05 11:19:36;2026-04-05 11:19:36
612;5;72;2026-04-05 12:31:12;2026-04-05 12:31:12
613;9;72;2026-04-05 12:31:12;2026-04-05 12:31:12
614;14;72;2026-04-05 12:31:12;2026-04-05 12:31:12
615;15;72;2026-04-05 12:31:12;2026-04-05 12:31:12
616;16;72;2026-04-05 12:31:12;2026-04-05 12:31:12
617;19;72;2026-04-05 12:31:12;2026-04-05 12:31:12
618;20;72;2026-04-05 12:31:12;2026-04-05 12:31:12
619;21;72;2026-04-05 12:31:12;2026-04-05 12:31:12
620;24;72;2026-04-05 12:31:12;2026-04-05 12:31:12
621;5;73;2026-04-05 13:44:22;2026-04-05 13:44:22
622;9;73;2026-04-05 13:44:22;2026-04-05 13:44:22
623;14;73;2026-04-05 13:44:22;2026-04-05 13:44:22
624;15;73;2026-04-05 13:44:22;2026-04-05 13:44:22
625;16;73;2026-04-05 13:44:22;2026-04-05 13:44:22
626;19;73;2026-04-05 13:44:22;2026-04-05 13:44:22
627;20;73;2026-04-05 13:44:22;2026-04-05 13:44:22
628;24;73;2026-04-05 13:44:22;2026-04-05 13:44:22
636;5;13;2026-04-06 11:08:11;2026-04-06 11:08:11
637;9;13;2026-04-06 11:08:11;2026-04-06 11:08:11
638;14;13;2026-04-06 11:08:11;2026-04-06 11:08:11
639;15;13;2026-04-06 11:08:11;2026-04-06 11:08:11
640;16;13;2026-04-06 11:08:11;2026-04-06 11:08:11
641;19;13;2026-04-06 11:08:11;2026-04-06 11:08:11
642;24;13;2026-04-06 11:08:11;2026-04-06 11:08:11
655;5;64;2026-04-12 10:12:07;2026-04-12 10:12:07
656;9;64;2026-04-12 10:12:07;2026-04-12 10:12:07
657;15;64;2026-04-12 10:12:07;2026-04-12 10:12:07
658;19;64;2026-04-12 10:12:07;2026-04-12 10:12:07
659;20;64;2026-04-12 10:12:07;2026-04-12 10:12:07
660;23;64;2026-04-12 10:12:07;2026-04-12 10:12:07
661;5;75;2026-04-12 10:15:28;2026-04-12 10:15:28
662;9;75;2026-04-12 10:15:28;2026-04-12 10:15:28
663;14;75;2026-04-12 10:15:28;2026-04-12 10:15:28
664;15;75;2026-04-12 10:15:28;2026-04-12 10:15:28
665;16;75;2026-04-12 10:15:28;2026-04-12 10:15:28
666;19;75;2026-04-12 10:15:28;2026-04-12 10:15:28
667;20;75;2026-04-12 10:15:28;2026-04-12 10:15:28
668;21;75;2026-04-12 10:15:28;2026-04-12 10:15:28
669;23;75;2026-04-12 10:15:28;2026-04-12 10:15:28
676;5;76;2026-04-12 14:11:44;2026-04-12 14:11:44
677;7;76;2026-04-12 14:11:44;2026-04-12 14:11:44
678;9;76;2026-04-12 14:11:44;2026-04-12 14:11:44
679;10;76;2026-04-12 14:11:44;2026-04-12 14:11:44
680;14;76;2026-04-12 14:11:44;2026-04-12 14:11:44
681;23;76;2026-04-12 14:11:44;2026-04-12 14:11:44
682;5;77;2026-04-12 14:50:34;2026-04-12 14:50:34
683;19;77;2026-04-12 14:50:34;2026-04-12 14:50:34
684;23;77;2026-04-12 14:50:34;2026-04-12 14:50:34
705;5;79;2026-04-18 13:36:23;2026-04-18 13:36:23
706;9;79;2026-04-18 13:36:23;2026-04-18 13:36:23
707;10;79;2026-04-18 13:36:23;2026-04-18 13:36:23
708;14;79;2026-04-18 13:36:23;2026-04-18 13:36:23
709;19;79;2026-04-18 13:36:23;2026-04-18 13:36:23
710;24;79;2026-04-18 13:36:23;2026-04-18 13:36:23
718;5;80;2026-04-18 18:47:26;2026-04-18 18:47:26
719;14;80;2026-04-18 18:47:26;2026-04-18 18:47:26
720;15;80;2026-04-18 18:47:26;2026-04-18 18:47:26
721;16;80;2026-04-18 18:47:26;2026-04-18 18:47:26
722;19;80;2026-04-18 18:47:26;2026-04-18 18:47:26
723;20;80;2026-04-18 18:47:26;2026-04-18 18:47:26
724;25;80;2026-04-18 18:47:26;2026-04-18 18:47:26
725;5;81;2026-04-18 19:09:39;2026-04-18 19:09:39
726;15;81;2026-04-18 19:09:39;2026-04-18 19:09:39
727;16;81;2026-04-18 19:09:39;2026-04-18 19:09:39
728;19;81;2026-04-18 19:09:39;2026-04-18 19:09:39
729;20;81;2026-04-18 19:09:39;2026-04-18 19:09:39
730;25;81;2026-04-18 19:09:39;2026-04-18 19:09:39
731;5;82;2026-04-19 10:37:00;2026-04-19 10:37:00
732;9;82;2026-04-19 10:37:00;2026-04-19 10:37:00
733;15;82;2026-04-19 10:37:00;2026-04-19 10:37:00
734;19;82;2026-04-19 10:37:00;2026-04-19 10:37:00
735;20;82;2026-04-19 10:37:00;2026-04-19 10:37:00
736;24;82;2026-04-19 10:37:00;2026-04-19 10:37:00
756;5;83;2026-04-26 10:51:20;2026-04-26 10:51:20
757;9;83;2026-04-26 10:51:20;2026-04-26 10:51:20
758;10;83;2026-04-26 10:51:20;2026-04-26 10:51:20
759;14;83;2026-04-26 10:51:20;2026-04-26 10:51:20
760;19;83;2026-04-26 10:51:20;2026-04-26 10:51:20
761;20;83;2026-04-26 10:51:20;2026-04-26 10:51:20
762;21;83;2026-04-26 10:51:20;2026-04-26 10:51:20
763;24;83;2026-04-26 10:51:20;2026-04-26 10:51:20
769;5;23;2026-05-01 20:14:11;2026-05-01 20:14:11
770;7;23;2026-05-01 20:14:11;2026-05-01 20:14:11
771;9;23;2026-05-01 20:14:11;2026-05-01 20:14:11
772;10;23;2026-05-01 20:14:11;2026-05-01 20:14:11
773;15;23;2026-05-01 20:14:11;2026-05-01 20:14:11
774;16;23;2026-05-01 20:14:11;2026-05-01 20:14:11
775;17;23;2026-05-01 20:14:11;2026-05-01 20:14:11
776;19;23;2026-05-01 20:14:11;2026-05-01 20:14:11
777;20;23;2026-05-01 20:14:11;2026-05-01 20:14:11
778;21;23;2026-05-01 20:14:11;2026-05-01 20:14:11
779;23;23;2026-05-01 20:14:11;2026-05-01 20:14:11
780;5;84;2026-05-02 19:05:17;2026-05-02 19:05:17
781;6;84;2026-05-02 19:05:17;2026-05-02 19:05:17
782;9;84;2026-05-02 19:05:17;2026-05-02 19:05:17
783;19;84;2026-05-02 19:05:17;2026-05-02 19:05:17
784;24;84;2026-05-02 19:05:17;2026-05-02 19:05:17
785;9;85;2026-05-09 12:36:17;2026-05-09 12:36:17
786;19;85;2026-05-09 12:36:17;2026-05-09 12:36:17
787;7;86;2026-05-14 17:02:51;2026-05-14 17:02:51
788;10;86;2026-05-14 17:02:51;2026-05-14 17:02:51
789;17;86;2026-05-14 17:02:51;2026-05-14 17:02:51
790;18;86;2026-05-14 17:02:51;2026-05-14 17:02:51
791;19;86;2026-05-14 17:02:51;2026-05-14 17:02:51
792;20;86;2026-05-14 17:02:51;2026-05-14 17:02:51
793;21;86;2026-05-14 17:02:51;2026-05-14 17:02:51
794;22;86;2026-05-14 17:02:51;2026-05-14 17:02:51
795;23;86;2026-05-14 17:02:51;2026-05-14 17:02:51
810;5;87;2026-05-17 20:08:38;2026-05-17 20:08:38
811;7;87;2026-05-17 20:08:38;2026-05-17 20:08:38
812;9;87;2026-05-17 20:08:38;2026-05-17 20:08:38
813;14;87;2026-05-17 20:08:38;2026-05-17 20:08:38
814;15;87;2026-05-17 20:08:38;2026-05-17 20:08:38
815;16;87;2026-05-17 20:08:38;2026-05-17 20:08:38
816;19;87;2026-05-17 20:08:38;2026-05-17 20:08:38
837;5;88;2026-05-18 15:11:30;2026-05-18 15:11:30
838;7;88;2026-05-18 15:11:30;2026-05-18 15:11:30
839;9;88;2026-05-18 15:11:30;2026-05-18 15:11:30
840;15;88;2026-05-18 15:11:30;2026-05-18 15:11:30
841;16;88;2026-05-18 15:11:30;2026-05-18 15:11:30
842;17;88;2026-05-18 15:11:30;2026-05-18 15:11:30
843;19;88;2026-05-18 15:11:30;2026-05-18 15:11:30
844;20;88;2026-05-18 15:11:30;2026-05-18 15:11:30
845;21;88;2026-05-18 15:11:30;2026-05-18 15:11:30
846;23;88;2026-05-18 15:11:30;2026-05-18 15:11:30
847;5;89;2026-05-18 17:38:16;2026-05-18 17:38:16
848;7;89;2026-05-18 17:38:16;2026-05-18 17:38:16
849;9;89;2026-05-18 17:38:16;2026-05-18 17:38:16
850;15;89;2026-05-18 17:38:16;2026-05-18 17:38:16
851;16;89;2026-05-18 17:38:16;2026-05-18 17:38:16
852;17;89;2026-05-18 17:38:16;2026-05-18 17:38:16
853;19;89;2026-05-18 17:38:16;2026-05-18 17:38:16
854;20;89;2026-05-18 17:38:16;2026-05-18 17:38:16
855;21;89;2026-05-18 17:38:16;2026-05-18 17:38:16
856;23;89;2026-05-18 17:38:16;2026-05-18 17:38:16
869;5;93;2026-05-22 16:41:38;2026-05-22 16:41:38
870;7;93;2026-05-22 16:41:38;2026-05-22 16:41:38
871;12;93;2026-05-22 16:41:38;2026-05-22 16:41:38
872;18;93;2026-05-22 16:41:38;2026-05-22 16:41:38
873;19;93;2026-05-22 16:41:38;2026-05-22 16:41:38
874;23;93;2026-05-22 16:41:38;2026-05-22 16:41:38
875;5;94;2026-06-04 18:33:11;2026-06-04 18:33:11
876;9;94;2026-06-04 18:33:11;2026-06-04 18:33:11
877;10;94;2026-06-04 18:33:11;2026-06-04 18:33:11
878;14;94;2026-06-04 18:33:11;2026-06-04 18:33:11
879;19;94;2026-06-04 18:33:11;2026-06-04 18:33:11
880;24;94;2026-06-04 18:33:11;2026-06-04 18:33:11
911;5;92;2026-06-08 20:55:20;2026-06-08 20:55:20
912;7;92;2026-06-08 20:55:20;2026-06-08 20:55:20
913;9;92;2026-06-08 20:55:20;2026-06-08 20:55:20
914;14;92;2026-06-08 20:55:20;2026-06-08 20:55:20
915;23;92;2026-06-08 20:55:20;2026-06-08 20:55:20
916;5;95;2026-06-10 17:28:36;2026-06-10 17:28:36
917;6;95;2026-06-10 17:28:36;2026-06-10 17:28:36
918;17;95;2026-06-10 17:28:36;2026-06-10 17:28:36
919;20;95;2026-06-10 17:28:36;2026-06-10 17:28:36
920;23;95;2026-06-10 17:28:36;2026-06-10 17:28:36
921;24;95;2026-06-10 17:28:36;2026-06-10 17:28:36
922;5;96;2026-06-12 12:18:46;2026-06-12 12:18:46
923;9;96;2026-06-12 12:18:46;2026-06-12 12:18:46
924;14;96;2026-06-12 12:18:46;2026-06-12 12:18:46
925;17;96;2026-06-12 12:18:46;2026-06-12 12:18:46
926;18;96;2026-06-12 12:18:46;2026-06-12 12:18:46
927;19;96;2026-06-12 12:18:46;2026-06-12 12:18:46
928;20;96;2026-06-12 12:18:46;2026-06-12 12:18:46
929;24;96;2026-06-12 12:18:46;2026-06-12 12:18:46
