PFID;GANA;FIPL;LAPL;PPFN;EXGF;SAID;PRSE;EXEC;CRAT;CHAT;ACCO;ACIN;ACAC;CUPT;ETMA;ETME;ETCO;ETTY;ETML;ARCH
1;The Thaumaturge;2024-12-15 17:26:21;2024-12-30 09:31:59;BPJyHLTQcEy93ZGjyKPuEA.jpg;C:\Program Files (x86)\Steam\steamapps\common\The Thaumaturge;0;"{""HDREnabled"":false,""SteamGameArgs"":""""}";;2024-12-15 16:28:42;2026-03-24 18:34:17;"{""AccentColors"":{""accent"":""#BD1315"",""hover"":""#E31719"",""pressed"":""#8E0E10""}}";"{""AccentColors"":{""#FFBD1315"":true,""#FFCF152D"":false,""#FF9F1726"":false}}";1;0;960;1560;2400;GTN.EST_TIME.MAIN_EXTRA;0;0
2;Disco Elysium;2024-12-30 10:22:43;2025-01-05 23:47:22;takKpqefzE6zYsx6dYo6vg.jpg;C:\Program Files (x86)\Steam\steamapps\common\Disco Elysium;0;"{""HDREnabled"":false,""SteamGameArgs"":""""}";;2024-12-30 09:33:31;2026-03-18 07:39:14;"{""AccentColors"":{""accent"":""#C14B20"",""hover"":""#E85A26"",""pressed"":""#913818""}}";"{""AccentColors"":{""#FFC14B20"":true,""#FFA83A1F"":false,""#FFDD8041"":false}}";1;0;;;;GTN.EST_TIME.NONE;0;0
4;Pathfinder: Wrath of the Righteous;2025-01-08 19:02:26;2025-02-01 19:03:16;23_QrQqCnkGxggdWA8y4rQ.jpg;C:\Program Files (x86)\Steam\steamapps\common\Pathfinder Second Adventure;0;"{""HDREnabled"":false,""SteamGameArgs"":""""}";;2025-01-08 18:40:14;2026-04-01 18:58:37;"{""AccentColors"":{""accent"":""#6121BC"",""hover"":""#7428E2"",""pressed"":""#49198D""}}";"{""AccentColors"":{""#FF6121BC"":true,""#FF881FC6"":false,""#FF561F9D"":false}}";1;0;0;0;0;GTN.EST_TIME.NONE;0;1
5;Baldurs Gate 3;2025-02-02 13:25:57;2025-02-17 19:55:51;_gx6Ije9vkGFEl7dVf1o-A.jpg;C:\Program Files (x86)\Steam\steamapps\common\Baldurs Gate 3;0;"{""HDREnabled"":false,""SteamGameArgs"":""""}";;2025-02-02 09:07:46;2026-04-01 18:58:42;"{""AccentColors"":{""accent"":""#A3651B"",""hover"":""#C47920"",""pressed"":""#7A4C14""}}";"{""AccentColors"":{""#FFA3651B"":true,""#FF884B17"":false,""#FF682E12"":false}}";1;0;0;0;0;GTN.EST_TIME.NONE;0;1
6;The Witcher 3;2025-02-20 19:45:49;2025-03-09 21:06:20;JbNH7AQtRkCIvVZChAGbvw.jpg;;0;"{""HDREnabled"":false,""SteamGameArgs"":""""}";"{""KeyValuePairs"":{}}";2025-02-20 16:53:41;2026-03-24 18:53:41;"{""AccentColors"":{""accent"":""#DD4653"",""hover"":""#FF5464"",""pressed"":""#A6343E""}}";"{""AccentColors"":{""#FFC71E39"":false,""#FFA11E2C"":false,""#FFDD4653"":true}}";1;0;2242.5333333333333;4296.15;9691.383333333333;GTN.EST_TIME.MAIN_EXTRA;0;0
8;Cronos: The New Dawn;2025-09-15 17:00:00;2025-09-26 20:48:07;5WShmrzPVUqbPM4rM84svw.jpg;c:\program files (x86)\steam\steamapps\common\Cronos. The New Dawn;2101960;"{""HDREnabled"":true,""SteamGameArgs"":""""}";"{""KeyValuePairs"":{""Cronos.exe"":true,""Cronos-Win64-Shipping.exe"":true,""CrashReportClient.exe"":false,""EpicWebHelper.exe"":false}}";2025-09-17 23:37:12;2026-03-18 07:37:20;"{""AccentColors"":{""accent"":""#B11B11"",""hover"":""#D42014"",""pressed"":""#85140D""}}";"{""AccentColors"":{""#FFB11B11"":true,""#FF920F0E"":false,""#FF660A0B"":false}}";1;0;;;;GTN.EST_TIME.NONE;0;0
9;SILENT HILL f;2025-09-27 09:56:21;2025-10-04 13:39:33;9iYuN3YaBU2CJwuiRk1pgw.jpg;c:\program files (x86)\steam\steamapps\common\SILENT HILL f;2947440;"{""HDREnabled"":true,""SteamGameArgs"":""-nostartupmovies;-novid;-;FastLaunch""}";"{""KeyValuePairs"":{""SHf.exe"":true,""CrashReportClient.exe"":false,""SHf-Win64-Shipping.exe"":true,""UEPrereqSetup_x64.exe"":false}}";2025-09-26 22:04:31;2026-03-18 07:37:00;"{""AccentColors"":{""accent"":""#0E2363"",""hover"":""#112A77"",""pressed"":""#0A1A4A""}}";"{""AccentColors"":{""#FF0E2363"":true,""#FF601021"":false,""#FF1A4372"":false}}";1;0;;;;GTN.EST_TIME.NONE;0;0
10;SILENT HILL 2;2025-10-04 16:28:11;2025-10-05 17:59:16;HqMvWrphbk64RJZ3QoGr1Q.jpg;c:\program files (x86)\steam\steamapps\common\SILENT HILL 2;2124490;"{""HDREnabled"":true,""SteamGameArgs"":""""}";"{""KeyValuePairs"":{""SHProto.exe"":true,""CrashReportClient.exe"":false,""SHProto-Win64-Shipping.exe"":true}}";2025-10-04 13:57:04;2026-04-08 22:34:13;"{""AccentColors"":{""accent"":""#C32C3A"",""hover"":""#EA3546"",""pressed"":""#92212C""}}";"{""AccentColors"":{""#FFC32C3A"":true,""#FFA22A28"":false,""#FFE14448"":false}}";1;0;0;0;0;GTN.EST_TIME.NONE;0;0
11;Resident Evil 2;2025-10-05 19:42:36;2025-10-11 11:25:28;K_oRSK-WNUyAbCHW7YXaUg.jpg;c:\program files (x86)\steam\steamapps\common\RESIDENT EVIL 2  BIOHAZARD RE2;883710;"{""HDREnabled"":false,""SteamGameArgs"":""""}";"{""KeyValuePairs"":{""re2.exe"":true}}";2025-10-05 19:32:52;2026-03-18 07:36:22;"{""AccentColors"":{""accent"":""#76142B"",""hover"":""#8E1834"",""pressed"":""#580F20""}}";"{""AccentColors"":{""#FFDF9D49"":false,""#FF76142B"":true,""#FF5F1A11"":false}}";1;0;;;;GTN.EST_TIME.NONE;0;0
12;Resident Evil 3;2025-10-11 12:34:37;2025-10-11 21:59:27;HfEQi5fT-EWlq52cyTuXow.jpg;c:\program files (x86)\steam\steamapps\common\RE3;952060;"{""HDREnabled"":false,""SteamGameArgs"":""""}";"{""KeyValuePairs"":{""InstallerMessage.exe"":false,""re3.exe"":true}}";2025-10-11 12:30:56;2026-03-18 07:35:45;"{""AccentColors"":{""accent"":""#C31320"",""hover"":""#EA1726"",""pressed"":""#920E18""}}";"{""AccentColors"":{""#FFC31320"":true,""#FFE5A443"":false,""#FFE27546"":false}}";1;0;;;;GTN.EST_TIME.NONE;0;0
13;Resident Evil 4;2025-10-12 08:54:31;2026-04-12 09:44:10;0ajJcIYG80abaAPna4C8Kg.jpg;c:\program files (x86)\steam\steamapps\common\RESIDENT EVIL 4  BIOHAZARD RE4;2050650;"{""HDREnabled"":true,""SteamGameArgs"":""""}";"{""KeyValuePairs"":{""CrashReport.exe"":false,""InstallerMessage.exe"":false,""re4.exe"":true}}";2025-10-12 08:46:55;2026-04-12 09:44:10;"{""AccentColors"":{""accent"":""#B61729"",""hover"":""#DA1C31"",""pressed"":""#88111F""}}";"{""AccentColors"":{""#FFB61729"":true,""#FF921724"":false,""#FF620E17"":false}}";1;0;960;1290;3930;GTN.EST_TIME.MAIN_EXTRA;1;0
17;METAL EDEN;2025-10-17 19:39:19;2025-10-17 20:18:01;zEgIwskoT0SA-xs4yJK1LQ.jpg;c:\program files (x86)\steam\steamapps\common\Metal Eden;990380;"{""HDREnabled"":false,""SteamGameArgs"":""""}";"{""KeyValuePairs"":{""MetalEden.exe"":true,""MetalEden-Win64-Shipping.exe"":true,""UEPrereqSetup_x64.exe"":false}}";2025-10-17 19:37:15;2026-04-01 18:58:24;"{""AccentColors"":{""accent"":""#0E528C"",""hover"":""#1162A8"",""pressed"":""#0A3E69""}}";"{""AccentColors"":{""#FF0E528C"":true,""#FF4E8EDA"":false,""#FF0D2464"":false}}";1;0;0;0;0;GTN.EST_TIME.NONE;0;1
18;Trepang2;2025-10-18 18:59:17;2025-10-19 16:14:38;3jM11Ox1cU-pAK-HwaCkdw.jpg;c:\program files (x86)\steam\steamapps\common\Trepang2;1164940;"{""HDREnabled"":false,""SteamGameArgs"":""""}";"{""KeyValuePairs"":{""CPPFPS.exe"":true,""CPPFPS-Win64-Shipping.exe"":true,""UE4PrereqSetup_x64.exe"":false}}";2025-10-17 21:08:42;2026-04-01 18:13:45;"{""AccentColors"":{""accent"":""#692911"",""hover"":""#7E3114"",""pressed"":""#4F1F0D""}}";"{""AccentColors"":{""#FF660E0A"":false,""#FF5E1329"":false,""#FF692911"":true}}";1;0;0;0;0;GTN.EST_TIME.NONE;0;1
19;PowerWash Simulator;2025-10-18 19:25:00;2025-10-19 10:51:33;uinK4MiHzku17Bd3m6flvQ.jpg;c:\program files (x86)\steam\steamapps\common\PowerWash Simulator;1290000;"{""HDREnabled"":false,""SteamGameArgs"":""""}";"{""KeyValuePairs"":{""PowerWashSimulator.exe"":true,""UnityCrashHandler64.exe"":false}}";2025-10-18 19:24:25;2026-04-01 18:13:15;"{""AccentColors"":{""accent"":""#1A94C1"",""hover"":""#1FB2E8"",""pressed"":""#146F91""}}";"{""AccentColors"":{""#FF1A94C1"":true,""#FF1160AF"":false,""#FF115A91"":false}}";1;0;0;0;0;GTN.EST_TIME.NONE;0;1
20;Bodycam;2025-10-19 11:21:02;2025-10-19 14:29:25;ScHx8rRAA0iyr6UYiecJXQ.jpg;c:\program files (x86)\steam\steamapps\common\Bodycam;2406770;"{""HDREnabled"":false,""SteamGameArgs"":""""}";"{""KeyValuePairs"":{""Bodycam.exe"":true,""Bodycam-Win64-Shipping.exe"":true,""EpicWebHelper.exe"":false,""UEPrereqSetup_x64.exe"":false}}";2025-10-19 11:17:46;2026-03-18 07:34:06;"{""AccentColors"":{""accent"":""#3C620E"",""hover"":""#487611"",""pressed"":""#2D4A0A""}}";"{""AccentColors"":{""#FF3C620E"":true,""#FF66380B"":false,""#FF852323"":false}}";1;0;;;;GTN.EST_TIME.NONE;0;0
21;Still Wakes the Deep;2025-10-20 17:57:16;2025-10-20 18:59:16;rTAyyv1Kt0awZUgZjPFiaA.jpg;c:\program files (x86)\steam\steamapps\common\Still Wakes the Deep;1622910;"{""HDREnabled"":false,""SteamGameArgs"":""""}";"{""KeyValuePairs"":{""StillWakesTheDeep.exe"":true}}";2025-10-20 17:55:46;2026-03-18 07:32:59;"{""AccentColors"":{""accent"":""#177C92"",""hover"":""#1C95AF"",""pressed"":""#115D6E""}}";"{""AccentColors"":{""#FF177C92"":true,""#FF0B5C72"":false,""#FF0D3C63"":false}}";1;0;;;;GTN.EST_TIME.NONE;0;0
22;Minecraft;2025-11-06 18:01:08;2025-11-24 21:07:49;zU1OegfIGUynQUAApbNfhg.jpg;;0;"{""HDREnabled"":false,""SteamGameArgs"":""""}";"{""KeyValuePairs"":{}}";2025-11-06 18:00:42;2026-03-18 07:32:33;"{""AccentColors"":{""accent"":""#AD4A1E"",""hover"":""#D05924"",""pressed"":""#823816""}}";"{""AccentColors"":{""#FFAD4A1E"":true,""#FFB93131"":false,""#FFE29B46"":false}}";1;0;;;;GTN.EST_TIME.NONE;0;0
23;Dying Light: The Beast;2025-12-08 15:11:56;2026-05-16 22:58:02;OLnNTzVpnkmXs3HjJ_1_UA.jpg;c:\program files (x86)\steam\steamapps\common\Dying Light The Beast;3008130;"{""HDREnabled"":true,""SteamGameArgs"":""""}";"{""KeyValuePairs"":{""crashpad_handler.exe"":false,""DyingLightGame_TheBeast_x64_rwdi.exe"":true}}";2025-12-08 15:06:32;2026-05-16 22:58:02;"{""AccentColors"":{""accent"":""#9F7B3D"",""hover"":""#BF9449"",""pressed"":""#775C2E""}}";"{""AccentColors"":{""#FF862323"":false,""#FF9F7B3D"":true,""#FF691C1C"":false}}";1;0;1110;1860;2880;GTN.EST_TIME.COMPLETIONIST;1;0
25;Frostpunk 2;2025-12-11 19:39:01;2025-12-12 17:19:48;uxEA_0XquE6qPzaZtgVTZA.jpg;c:\program files (x86)\steam\steamapps\common\Frostpunk2;1601580;"{""HDREnabled"":false,""SteamGameArgs"":""""}";"{""KeyValuePairs"":{""Frostpunk2.exe"":true,""CrashReportClient.exe"":false,""Frostpunk2-Win64-Shipping.exe"":true}}";2025-12-11 19:36:01;2026-04-01 18:13:53;"{""AccentColors"":{""accent"":""#619AC6"",""hover"":""#74B9EE"",""pressed"":""#497494""}}";"{""AccentColors"":{""#FF619AC6"":true,""#FF527292"":false,""#FF5F88A5"":false}}";1;0;0;0;0;GTN.EST_TIME.NONE;0;1
26;Jurassic World Evolution 3;2025-12-13 14:08:26;2025-12-13 14:29:40;FKBvgpdOOEC2h0qC9JtIRA.jpg;c:\program files (x86)\steam\steamapps\common\Jurassic World Evolution 3;2958130;"{""HDREnabled"":false,""SteamGameArgs"":""""}";"{""KeyValuePairs"":{""crash_reporter.exe"":false,""JWE3.exe"":true}}";2025-12-13 13:53:35;2026-04-01 18:13:34;"{""AccentColors"":{""accent"":""#CA2E40"",""hover"":""#F2374D"",""pressed"":""#982230""}}";"{""AccentColors"":{""#FFCA2E40"":true,""#FF971A20"":false,""#FFEB3D43"":false}}";1;0;0;0;0;GTN.EST_TIME.NONE;0;1
27;Dispatch;2025-12-13 14:48:58;2025-12-13 15:07:16;Ga6f_YdLokO4XzTfpUrMMw.jpg;c:\program files (x86)\steam\steamapps\common\Dispatch;2592160;"{""HDREnabled"":false,""SteamGameArgs"":""""}";"{""KeyValuePairs"":{""Dispatch.exe"":true,""Dispatch-Win64-Shipping.exe"":true,""UE4PrereqSetup_x64.exe"":false}}";2025-12-13 14:48:18;2026-03-18 07:30:41;"{""AccentColors"":{""accent"":""#20C9C1"",""hover"":""#26F1E8"",""pressed"":""#189791""}}";"{""AccentColors"":{""#FF20C9C1"":true,""#FF25BFA5"":false,""#FFA5D650"":false}}";1;0;;;;GTN.EST_TIME.NONE;0;0
28;Mafia: The Old Country;2025-12-13 18:11:36;2025-12-21 14:51:41;xZVIkONFikueDGKjb0hAeQ.jpg;c:\program files (x86)\steam\steamapps\common\Mafia The Old Country;1941540;"{""HDREnabled"":true,""SteamGameArgs"":""""}";"{""KeyValuePairs"":{""CrashReportClient.exe"":false,""MafiaTheOldCountry.exe"":true}}";2025-12-13 18:09:33;2026-03-18 07:30:12;"{""AccentColors"":{""accent"":""#BC331E"",""hover"":""#E23D24"",""pressed"":""#8D2616""}}";"{""AccentColors"":{""#FFBC331E"":true,""#FFE84E1B"":false,""#FF982718"":false}}";1;0;;;;GTN.EST_TIME.NONE;0;0
30;Call of Duty: Black Ops III;2025-12-22 16:12:17;2025-12-22 16:22:04;KzBrV9faL0ux7pSoLo1Dow.jpg;c:\program files (x86)\steam\steamapps\common\Call of Duty Black Ops III;311210;"{""HDREnabled"":false,""SteamGameArgs"":""""}";"{""KeyValuePairs"":{""BlackOps3.exe"":true,""CrashUploader.exe"":false}}";2025-12-22 16:06:56;2026-04-01 18:13:28;"{""AccentColors"":{""accent"":""#CB591C"",""hover"":""#F46B22"",""pressed"":""#984315""}}";"{""AccentColors"":{""#FFCB591C"":true,""#FFC72C16"":false,""#FFE6861C"":false}}";1;0;0;0;0;GTN.EST_TIME.NONE;0;1
31;Assassin's Creed Mirage;2025-12-22 16:53:14;2025-12-22 18:00:17;eNePlWI3L0aDgc0xRNC4AQ.jpg;c:\program files (x86)\steam\steamapps\common\Assassin's Creed Mirage;3035570;"{""HDREnabled"":false,""SteamGameArgs"":""""}";"{""KeyValuePairs"":{""ACMirage.exe"":true,""UbisoftConnectInstaller.exe"":false,""Autorun.exe"":false,""UPlayInstaller.exe"":false,""vc_redist.x64.exe"":false}}";2025-12-22 16:49:59;2026-03-18 07:29:26;"{""AccentColors"":{""accent"":""#B93131"",""hover"":""#DE3B3B"",""pressed"":""#8B2525""}}";"{""AccentColors"":{""#FFE0A148"":false,""#FFE36A45"":false,""#FFB93131"":true}}";1;0;;;;GTN.EST_TIME.NONE;0;0
32;METAL GEAR SOLID Δ: SNAKE EATER;2025-12-22 21:36:35;2025-12-23 19:30:20;oXnB0yfkuUGu174zySpefw.jpg;c:\program files (x86)\steam\steamapps\common\MGSDelta;2417610;"{""HDREnabled"":false,""SteamGameArgs"":""""}";"{""KeyValuePairs"":{""MGSDelta.exe"":true,""MGSDelta-Win64-Shipping.exe"":true,""Foxhunt-Win64-Shipping.exe"":true,""Nightmare-Win64-Shipping.exe"":true}}";2025-12-22 21:28:59;2026-03-18 07:28:58;"{""AccentColors"":{""accent"":""#1E912F"",""hover"":""#24AE38"",""pressed"":""#166D23""}}";"{""AccentColors"":{""#FF1E912F"":true,""#FF0E8910"":false,""#FF267B1C"":false}}";1;0;;;;GTN.EST_TIME.NONE;0;0
34;Assassin's Creed Shadows;2025-12-24 14:20:22;2025-12-24 15:01:59;5FabyPGJ_kutjPBvdmEijw.jpg;c:\program files (x86)\steam\steamapps\common\Assassin's Creed Shadows;3159330;"{""HDREnabled"":false,""SteamGameArgs"":""""}";"{""KeyValuePairs"":{""ACShadows.exe"":true,""UbisoftConnectInstaller.exe"":false,""VC_redist.x64.exe"":false}}";2025-12-24 14:14:39;2026-03-18 07:28:35;"{""AccentColors"":{""accent"":""#D01715"",""hover"":""#FA1C19"",""pressed"":""#9C1110""}}";"{""AccentColors"":{""#FFD01715"":true,""#FFB01511"":false,""#FFE92424"":false}}";1;0;;;;GTN.EST_TIME.NONE;0;0
35;STAR WARS Jedi: Fallen Order™ ;2026-01-07 20:15:14;2026-01-11 21:13:08;H-1m1hMGW06RF-ZFAlWuWA.jpg;c:\program files (x86)\steam\steamapps\common\Jedi Fallen Order;1172380;"{""HDREnabled"":false,""SteamGameArgs"":""""}";"{""KeyValuePairs"":{""Cleanup.exe"":false,""Touchup.exe"":false,""overlayinjector.exe"":false,""CrashReportClient.exe"":false,""starwarsjedifallenorder.exe"":true,""SwGame-Win64-Shipping.exe"":true,""DXSETUP.exe"":false,""EAappInstaller.exe"":false,""vc_redist.x64.exe"":false,""vc_redist.x86.exe"":false}}";2026-01-07 20:11:23;2026-03-27 17:00:59;"{""AccentColors"":{""accent"":""#0F7C9A"",""hover"":""#1295B9"",""pressed"":""#0B5D74""}}";"{""AccentColors"":{""#FF0F7C9A"":true,""#FF124368"":false,""#FF0D6480"":false}}";1;0;680;1304;2088.75;GTN.EST_TIME.MAIN_EXTRA;0;0
36;LEGO® Star Wars™: The Skywalker Saga;2026-01-15 18:57:52;2026-01-31 18:53:50;18cPAQBAxEe_7AJvFGVq9Q.jpg;c:\program files (x86)\steam\steamapps\common\LEGO Star Wars - The Skywalker Saga;920210;"{""HDREnabled"":false,""SteamGameArgs"":""""}";"{""KeyValuePairs"":{""LEGOSTARWARSSKYWALKERSAGA_DX11.exe"":true}}";2026-01-15 18:45:56;2026-03-18 07:24:27;"{""AccentColors"":{""accent"":""#DA4E5B"",""hover"":""#FF5E6D"",""pressed"":""#A43A44""}}";"{""AccentColors"":{""#FFCC2328"":false,""#FF9E1E23"":false,""#FFDA4E5B"":true}}";1;0;;;;GTN.EST_TIME.NONE;0;0
37;STAR WARS™: The Force Unleashed™ Ultimate Sith Edition;2026-01-15 20:24:15;2026-01-18 11:59:56;GHyEpfTvLEWixlqkXaRUYA.jpg;c:\program files (x86)\steam\steamapps\common\Star Wars The Force Unleashed;32430;"{""HDREnabled"":false,""SteamGameArgs"":""""}";"{""KeyValuePairs"":{""jptch.exe"":false,""SWTFU Launcher.exe"":false,""SWTFU.exe"":true,""SWTFU_Autorun.exe"":true,""unins000.exe"":false,""vcredist_x86.exe"":false,""DXSETUP.exe"":false,""dotnetfx35.exe"":false}}";2026-01-15 19:25:19;2026-03-18 07:27:48;"{""AccentColors"":{""accent"":""#4886E0"",""hover"":""#56A1FF"",""pressed"":""#3664A8""}}";"{""AccentColors"":{""#FF4886E0"":true,""#FF281C7D"":false,""#FF7C2121"":false}}";1;0;;;;GTN.EST_TIME.NONE;0;0
38;STAR WARS™: The Force Unleashed™ II;2026-01-18 16:15:00;2026-01-18 17:03:37;OA66XDmmEUO7GwNrklQbKg.jpg;c:\program files (x86)\steam\steamapps\common\Star Wars The Force Unleashed 2;32500;"{""HDREnabled"":false,""SteamGameArgs"":""-VariableTimeSteps;-vsync""}";"{""KeyValuePairs"":{""jptch.exe"":false,""SWTFU2.exe"":true,""unins000.exe"":false,""vcredist_x86.exe"":false,""DXSETUP.exe"":false,""dotnetfx35.exe"":false}}";2026-01-18 12:05:17;2026-03-18 07:27:09;"{""AccentColors"":{""accent"":""#2565BC"",""hover"":""#2C79E2"",""pressed"":""#1C4C8D""}}";"{""AccentColors"":{""#FF2565BC"":true,""#FF2976D8"":false,""#FF1954A1"":false}}";1;0;;;;GTN.EST_TIME.NONE;0;0
39;STAR WARS: KOTOR;2026-01-18 18:56:23;2026-01-23 17:08:44;rYlWHuGWd0O52TZpfsxeaA.jpg;C:\Program Files (x86)\GOG Galaxy\Games\Star Wars - KotOR;0;"{""HDREnabled"":false,""SteamGameArgs"":""""}";"{""KeyValuePairs"":{""hires_patcher.exe"":false,""swconfig.exe"":false,""swkotor.bak.exe"":false,""swkotor.exe"":true,""unins000.exe"":false,""swstub.exe"":false}}";2026-01-18 17:48:58;2026-03-24 18:55:55;"{""AccentColors"":{""accent"":""#C53B21"",""hover"":""#EC4728"",""pressed"":""#942C19""}}";"{""AccentColors"":{""#FFC53B21"":true,""#FF932417"":false,""#FFE47342"":false}}";1;0;1200;2387.5;4240;GTN.EST_TIME.MAIN_EXTRA;0;0
40;LEGO® Star Wars™ III: The Clone Wars™;2026-01-23 17:32:41;2026-01-25 10:23:49;7dpfstUaFkm-jic2YOzBaQ.jpg;c:\program files (x86)\steam\steamapps\common\Lego Star Wars III - The Clone Wars;32510;"{""HDREnabled"":false,""SteamGameArgs"":""""}";"{""KeyValuePairs"":{""LEGOCloneWars.exe"":true,""DXSETUP.exe"":false}}";2026-01-23 17:30:26;2026-04-01 18:13:24;"{""AccentColors"":{""accent"":""#DA1B24"",""hover"":""#FF202B"",""pressed"":""#A4141B""}}";"{""AccentColors"":{""#FFDA1B24"":true,""#FF226E98"":false,""#FF4C91DC"":false}}";1;0;0;0;0;GTN.EST_TIME.NONE;0;1
42;Dota 2;2026-01-23 21:05:05;2026-03-14 10:10:06;5ZP8W8cKDE6hxnldShaYAQ.jpg;c:\program files (x86)\steam\steamapps\common\dota 2 beta;570;"{""HDREnabled"":false,""SteamGameArgs"":""""}";"{""KeyValuePairs"":{""dota2.exe"":true,""vconsole2.exe"":false}}";2026-01-23 21:03:27;2026-04-01 18:58:57;"{""AccentColors"":{""accent"":""#B7242E"",""hover"":""#DC2B37"",""pressed"":""#891B22""}}";"{""AccentColors"":{""#FFB7242E"":true,""#FFB9492D"":false,""#FFB43646"":false}}";1;0;0;0;0;GTN.EST_TIME.NONE;0;1
43;LEGO® Star Wars™: The Complete Saga;2026-01-30 15:35:17;2026-01-30 17:03:20;bgvm7iUiYEmA5Qq8w_3s0g.jpg;c:\program files (x86)\steam\steamapps\common\Lego Star Wars Saga;32440;"{""HDREnabled"":false,""SteamGameArgs"":""""}";"{""KeyValuePairs"":{""LEGOStarWarsSaga.exe"":true,""DXSETUP.exe"":false}}";2026-01-30 15:33:06;2026-04-01 18:13:22;"{""AccentColors"":{""accent"":""#DB3A22"",""hover"":""#FF4629"",""pressed"":""#A42C1A""}}";"{""AccentColors"":{""#FFDB3A22"":true,""#FFE59443"":false,""#FFA9982D"":false}}";1;0;0;0;0;GTN.EST_TIME.NONE;0;1
44;LEGO® Batman™: The Videogame;2026-01-30 18:23:02;2026-01-30 19:12:42;Wa2mbek4sEWD42BaDsN9gQ.jpg;c:\program files (x86)\steam\steamapps\common\Lego Batman;21000;"{""HDREnabled"":false,""SteamGameArgs"":""""}";"{""KeyValuePairs"":{""LEGOBatman.exe"":true,""testapp.exe"":false,""DXSETUP.exe"":false}}";2026-01-30 17:08:21;2026-04-01 18:13:20;"{""AccentColors"":{""accent"":""#1494C6"",""hover"":""#18B2EE"",""pressed"":""#0F6F94""}}";"{""AccentColors"":{""#FF1494C6"":true,""#FFDF2A30"":false,""#FF44B7E4"":false}}";1;0;0;0;0;GTN.EST_TIME.NONE;0;1
45;LEGO® Batman™ 2: DC Super Heroes;2026-02-01 10:28:47;2026-02-01 10:52:32;SF-8GbNzr0GgnNQpD8axkw.jpg;c:\program files (x86)\steam\steamapps\common\LEGO Batman 2;213330;"{""HDREnabled"":false,""SteamGameArgs"":""""}";"{""KeyValuePairs"":{""LEGOBatman2.exe"":true,""DXSETUP.exe"":false}}";2026-02-01 10:26:47;2026-04-01 18:13:39;"{""AccentColors"":{""accent"":""#A9962D"",""hover"":""#CBB436"",""pressed"":""#7F7022""}}";"{""AccentColors"":{""#FFA9962D"":true,""#FF0C2864"":false,""#FF115F5A"":false}}";1;0;0;0;0;GTN.EST_TIME.NONE;0;1
46;LEGO® DC Super-Villains;2026-02-01 11:50:57;2026-02-02 18:27:05;rAXpACM5nUS4wJ4U_V7opg.jpg;c:\program files (x86)\steam\steamapps\common\LEGO DC Super-Villains;829110;"{""HDREnabled"":false,""SteamGameArgs"":""""}";"{""KeyValuePairs"":{""LEGO DC Super-villains_DX11.exe"":true}}";2026-02-01 11:48:43;2026-04-01 18:13:37;"{""AccentColors"":{""accent"":""#2A21C3"",""hover"":""#3228EA"",""pressed"":""#201992""}}";"{""AccentColors"":{""#FF2A21C3"":true,""#FFD91716"":false,""#FF4CE417"":false}}";1;0;0;0;0;GTN.EST_TIME.NONE;0;1
47;LEGO® MARVEL Super Heroes 2;2026-02-03 19:46:44;2026-02-05 19:29:23;WzGmqa2hfUGNpXNyRvtP_A.jpg;c:\program files (x86)\steam\steamapps\common\LEGO Marvel Super Heroes 2;647830;"{""HDREnabled"":false,""SteamGameArgs"":""""}";"{""KeyValuePairs"":{""LEGOMARVEL2.exe"":true,""LEGOMARVEL2_DX11.exe"":true}}";2026-02-03 19:45:14;2026-04-01 18:13:38;"{""AccentColors"":{""accent"":""#D0151E"",""hover"":""#FA1924"",""pressed"":""#9C1016""}}";"{""AccentColors"":{""#FFD0151E"":true,""#FF0E2864"":false,""#FF5ABDCA"":false}}";1;0;0;0;0;GTN.EST_TIME.NONE;0;1
48;Batman: Arkham Asylum GOTY Edition;2026-02-07 10:09:09;2026-02-07 10:35:29;DfkBraz2NUm7mr--bpO9Yg.jpg;c:\program files (x86)\steam\steamapps\common\Batman Arkham Asylum GOTY;35140;"{""HDREnabled"":false,""SteamGameArgs"":""""}";"{""KeyValuePairs"":{""BmLauncher.exe"":false,""BmStartApp.exe"":false,""ShippingPC-BmGame.exe"":true,""UE3ShaderCompileWorker.exe"":false,""PhysX_9.08.14_9.09.0814_SystemSoftware.exe"":false,""vcredist_x86.exe"":false,""DXSETUP.exe"":false}}";2026-02-06 18:16:43;2026-03-18 07:22:33;"{""AccentColors"":{""accent"":""#4AA3DD"",""hover"":""#59C4FF"",""pressed"":""#387AA6""}}";"{""AccentColors"":{""#FF4AA3DD"":true,""#FF227091"":false,""#FF0A4666"":false}}";1;0;;;;GTN.EST_TIME.NONE;0;0
49;Batman: Arkham City GOTY;2026-02-07 14:14:27;2026-02-15 07:31:05;i2foPpmph0GLwhAdgxkz0g.jpg;c:\program files (x86)\steam\steamapps\common\Batman Arkham City GOTY;200260;"{""HDREnabled"":false,""SteamGameArgs"":""""}";"{""KeyValuePairs"":{""AMD_DCOptSetup.exe"":false,""dotnetfx35.exe"":false,""vcredist_x86.exe"":false,""BatmanAC.exe"":true,""BmLauncher.exe"":false,""DXSETUP.exe"":false}}";2026-02-07 13:23:50;2026-03-25 15:03:49;"{""AccentColors"":{""accent"":""#7B1314"",""hover"":""#941718"",""pressed"":""#5C0E0F""}}";"{""AccentColors"":{""#FF7B1314"":true,""#FF972C2B"":false,""#FFD56552"":false}}";1;0;603;1473.5;4774;GTN.EST_TIME.MAIN;0;0
50;DOOM: The Dark Ages;2026-02-07 18:32:22;2026-02-14 15:41:59;PGHPJ76lnUWrrXS04kTAig.jpg;c:\program files (x86)\steam\steamapps\common\DOOMTheDarkAges;3017860;"{""HDREnabled"":true,""SteamGameArgs"":""""}";"{""KeyValuePairs"":{""BsSndRpt64.exe"":false,""BugSplatHD64.exe"":false,""DOOMTheDarkAges.exe"":true,""idTechLauncher.exe"":false}}";2026-02-07 18:30:54;2026-03-18 07:22:01;"{""AccentColors"":{""accent"":""#A15223"",""hover"":""#C1622A"",""pressed"":""#793E1A""}}";"{""AccentColors"":{""#FFA15223"":true,""#FF752C13"":false,""#FF8D2525"":false}}";1;0;;;;GTN.EST_TIME.NONE;0;0
51;Detroit: Become Human;2026-02-15 09:31:50;2026-02-15 10:34:46;m89bXJAfzkCTPx0EcZsqlA.jpg;c:\program files (x86)\steam\steamapps\common\Detroit Become Human;1222140;"{""HDREnabled"":true,""SteamGameArgs"":""""}";"{""KeyValuePairs"":{""breakpad_server.exe"":false,""DetroitBecomeHuman.exe"":true}}";2026-02-15 09:14:37;2026-03-24 21:51:04;"{""AccentColors"":{""accent"":""#2B7BB8"",""hover"":""#3494DD"",""pressed"":""#205C8A""}}";"{""AccentColors"":{""#FF2B7BB8"":true,""#FF1D5997"":false,""#FF193071"":false}}";1;0;660;906;2026;GTN.EST_TIME.MAIN;0;0
55;Resident Evil Requiem;2026-03-22 18:26:38;2026-03-28 20:08:57;epsIDuFTOkmjE3H9tpU1Bw.jpg;c:\program files (x86)\steam\steamapps\common\RESIDENT EVIL requiem BIOHAZARD requiem;3764200;"{""HDREnabled"":true,""SteamGameArgs"":""""}";"{""KeyValuePairs"":{""re9.exe"":true}}";2026-03-22 17:48:08;2026-03-28 20:08:57;"{""AccentColors"":{""accent"":""#AE4235"",""hover"":""#D14F40"",""pressed"":""#823228""}}";"{""AccentColors"":{""#FFAE4235"":true,""#FF862020"":false,""#FF661B1B"":false}}";1;0;420;801.4166666666666;1500;GTN.EST_TIME.MAIN_EXTRA;0;0
64;Resident Evil 7 Biohazard;2026-03-29 10:53:29;2026-04-04 18:44:48;CJKrIL3CYUeHRaH1uQ8REw.jpg;c:\program files (x86)\steam\steamapps\common\RESIDENT EVIL 7 biohazard;418370;"{""HDREnabled"":false,""SteamGameArgs"":""""}";"{""KeyValuePairs"":{""re7.exe"":true}}";2026-03-27 21:06:25;2026-04-12 10:12:07;"{""AccentColors"":{""accent"":""#64350C"",""hover"":""#78400E"",""pressed"":""#4B2809""}}";"{""AccentColors"":{""#FFDA7A16"":false,""#FF64350C"":true,""#FF782020"":false}}";1;0;0;0;0;GTN.EST_TIME.NONE;0;0
70;Resident Evil Village;2026-04-04 19:26:07;2026-04-05 10:56:04;JhLLjJUe8UiiQ5usKEAEFw.jpg;c:\program files (x86)\steam\steamapps\common\Resident Evil Village BIOHAZARD VILLAGE;1196590;"{""HDREnabled"":false,""SteamGameArgs"":""""}";"{""KeyValuePairs"":{""re8.exe"":true}}";2026-04-04 19:13:39;2026-04-05 10:56:04;"{""AccentColors"":{""accent"":""#517C91"",""hover"":""#6195AE"",""pressed"":""#3D5D6D""}}";"{""AccentColors"":{""#FF517C91"":true,""#FF89864D"":false,""#FF3C5A6C"":false}}";1;0;588;751.4333333333333;930;GTN.EST_TIME.MAIN_EXTRA;0;0
71;Resident Evil Revelations;2026-04-05 11:50:04;2026-04-05 12:15:51;wh1e2apDUUm3Qu_ev_0E_Q.jpg;c:\program files (x86)\steam\steamapps\common\RESIDENT EVIL REVELATIONS;222480;"{""HDREnabled"":false,""SteamGameArgs"":""""}";"{""KeyValuePairs"":{""rerev.exe"":true}}";2026-04-05 11:18:19;2026-04-05 12:16:11;"{""AccentColors"":{""accent"":""#1D557E"",""hover"":""#236697"",""pressed"":""#16405E""}}";"{""AccentColors"":{""#FF1D557E"":true,""#FF133B69"":false,""#FF2A738B"":false}}";1;0;510;750;2250;GTN.EST_TIME.MAIN_EXTRA;1;1
72;Resident Evil Revelations 2;2026-04-05 13:03:34;2026-04-05 13:19:33;UgYHDwa3qECpb_Swsig4pA.jpg;c:\program files (x86)\steam\steamapps\common\RESIDENT EVIL REVELATIONS 2;287290;"{""HDREnabled"":false,""SteamGameArgs"":""""}";"{""KeyValuePairs"":{""rerev2.exe"":true}}";2026-04-05 12:29:20;2026-04-05 13:20:15;"{""AccentColors"":{""accent"":""#610F35"",""hover"":""#741240"",""pressed"":""#490B28""}}";"{""AccentColors"":{""#FF881925"":false,""#FF620E11"":false,""#FF610F35"":true}}";1;0;600;960;2010;GTN.EST_TIME.MAIN_EXTRA;1;1
73;The Evil Within;2026-04-05 14:45:35;2026-04-05 15:27:35;hgJrAhetlk-JqeuTtu82jg.jpg;c:\program files (x86)\steam\steamapps\common\TheEvilWithin;268050;"{""HDREnabled"":false,""SteamGameArgs"":""""}";"{""KeyValuePairs"":{""EvilWithin.exe"":true}}";2026-04-05 13:42:45;2026-04-05 15:27:51;"{""AccentColors"":{""accent"":""#C32421"",""hover"":""#EA2B28"",""pressed"":""#921B19""}}";"{""AccentColors"":{""#FFC32421"":true,""#FFA61819"":false,""#FF7B1B13"":false}}";1;0;930;1200;2430;GTN.EST_TIME.MAIN_EXTRA;1;1
75;AILA;2026-04-12 10:27:20;2026-04-12 11:04:57;3LP23r3Nq0KBqFPjTFQriQ.jpg;c:\program files (x86)\steam\steamapps\common\AILA;2695430;"{""HDREnabled"":false,""SteamGameArgs"":""""}";"{""KeyValuePairs"":{""ProjectAIDA-Win64-Shipping.exe"":true,""AILA.exe"":true}}";2026-04-12 10:14:28;2026-04-12 11:05:06;"{""AccentColors"":{""accent"":""#741710"",""hover"":""#8B1C13"",""pressed"":""#57110C""}}";"{""AccentColors"":{""#FF741710"":true,""#FF5B2916"":false,""#FF620F0F"":false}}";1;0;540;690;870;GTN.EST_TIME.MAIN_EXTRA;1;1
76;John Carpenter's Toxic Commando;2026-04-12 14:14:48;2026-04-12 14:33:53;RqehXTWZwkGoYJrWXzms7g.jpg;c:\program files (x86)\steam\steamapps\common\John Carpenter's Toxic Commando;2157830;"{""HDREnabled"":true,""SteamGameArgs"":""""}";"{""KeyValuePairs"":{""John Carpenter\u0027s Toxic Commando.exe"":true}}";2026-04-12 14:10:22;2026-04-12 14:37:14;"{""AccentColors"":{""accent"":""#1C8A7E"",""hover"":""#22A697"",""pressed"":""#15685E""}}";"{""AccentColors"":{""#FFC0262C"":false,""#FF1C8A7E"":true,""#FF0F6258"":false}}";1;0;510;810;0;GTN.EST_TIME.MAIN_EXTRA;1;1
77;Nobody Wants to Die;2026-04-12 15:04:29;2026-04-12 15:34:37;0MzUAdSvU02BeQPW4xGaYQ.jpg;c:\program files (x86)\steam\steamapps\common\Nobody Wants to Die;1939970;"{""HDREnabled"":false,""SteamGameArgs"":""""}";"{""KeyValuePairs"":{""detnoir-Win64-Shipping.exe"":false,""detnoir.exe"":true}}";2026-04-12 14:49:30;2026-04-12 16:43:15;"{""AccentColors"":{""accent"":""#E83F58"",""hover"":""#FF4C6A"",""pressed"":""#AE2F42""}}";"{""AccentColors"":{""#FFE83F58"":true,""#FF9D101C"":false,""#FF660C0A"":false}}";1;0;330;390;510;GTN.EST_TIME.MAIN_EXTRA;1;1
79;PRAGMATA;2026-04-17 17:53:21;2026-04-18 16:53:51;Cx9hhAAyaE6KQv3Y5p4LFg.jpg;C:\Program Files (x86)\Steam\steamapps\common\PRAGMATA;3357650;"{""HDREnabled"":true,""SteamGameArgs"":""""}";"{""KeyValuePairs"":{""PRAGMATA.exe"":true}}";2026-04-17 17:48:00;2026-04-18 16:53:51;"{""AccentColors"":{""accent"":""#1342BC"",""hover"":""#174FE2"",""pressed"":""#0E328D""}}";"{""AccentColors"":{""#FF172CA0"":false,""#FF1342BC"":true,""#FF142678"":false}}";1;0;0;0;0;GTN.EST_TIME.NONE;0;0
80;You Will Die Here Tonight;2026-04-18 18:50:36;2026-04-18 18:56:05;nj4YyLDMrUiUORtYtaJpbA.jpg;c:\program files (x86)\steam\steamapps\common\You Will Die Here Tonight;1446350;"{""HDREnabled"":false,""SteamGameArgs"":""""}";"{""KeyValuePairs"":{""You Will Die Here Tonight.exe"":true}}";2026-04-18 17:41:01;2026-04-19 14:29:29;"{""AccentColors"":{""accent"":""#C81515"",""hover"":""#F01919"",""pressed"":""#961010""}}";"{""AccentColors"":{""#FFC81515"":true,""#FFB9531A"":false,""#FFAB1B1C"":false}}";1;0;270;270;330;GTN.EST_TIME.MAIN_EXTRA;1;1
81;Tormented Souls;0001-01-01 00:00:00;0001-01-01 00:00:00;hz1obCoft0CNGB6GQOSb2g.jpg;c:\program files (x86)\steam\steamapps\common\Tormented Souls;1367590;"{""HDREnabled"":false,""SteamGameArgs"":""""}";"{""KeyValuePairs"":{""TormentedSouls.exe"":true}}";2026-04-18 19:08:23;2026-04-18 19:09:39;"{""AccentColors"":{""accent"":""#9D4E1C"",""hover"":""#BC5E22"",""pressed"":""#763A15""}}";"{""AccentColors"":{""#FF9D4E1C"":true,""#FFE49744"":false,""#FFB32F2F"":false}}";1;0;570;630;810;GTN.EST_TIME.MAIN_EXTRA;1;0
82;Dead Space;2026-04-19 10:40:57;2026-04-19 13:15:08;iSGaHZJ0k0WbcHIikZ5nNw.jpg;c:\program files (x86)\steam\steamapps\common\Dead Space (2023);1693980;"{""HDREnabled"":false,""SteamGameArgs"":""""}";"{""KeyValuePairs"":{""Dead Space.exe"":true}}";2026-04-19 10:36:20;2026-04-19 13:15:08;"{""AccentColors"":{""accent"":""#4CDCCD"",""hover"":""#5BFFF6"",""pressed"":""#39A59A""}}";"{""AccentColors"":{""#FF4CDCCD"":true,""#FF822222"":false,""#FF5E2D13"":false}}";1;0;0;0;0;GTN.EST_TIME.NONE;0;0
83;Tomb Raider (2013);2026-04-26 10:54:41;2026-04-26 16:22:07;MF_HWDVRj0-fDt94aMuo9Q.jpg;c:\program files (x86)\steam\steamapps\common\Tomb Raider;203160;"{""HDREnabled"":false,""SteamGameArgs"":""""}";"{""KeyValuePairs"":{""TombRaider.exe"":true}}";2026-04-26 10:49:24;2026-04-26 16:22:07;"{""AccentColors"":{""accent"":""#620E14"",""hover"":""#761118"",""pressed"":""#4A0A0F""}}";"{""AccentColors"":{""#FF620E14"":true,""#FF500B10"":false,""#FF41090D"":false}}";1;0;690;930;1260;GTN.EST_TIME.MAIN_EXTRA;1;0
84;Mortal Kombat 1;2026-04-26 16:58:24;2026-05-09 21:24:06;rs01xlBFVkOTKEdHsOMqaA.jpg;c:\program files (x86)\steam\steamapps\common\Mortal Kombat 1;1971870;"{""HDREnabled"":false,""SteamGameArgs"":""""}";"{""KeyValuePairs"":{""UE4PrereqSetup_x64.exe"":false,""MK12.exe"":true}}";2026-04-26 16:43:09;2026-05-21 17:48:21;"{""AccentColors"":{""accent"":""#329EDD"",""hover"":""#3CBEFF"",""pressed"":""#2676A6""}}";"{""AccentColors"":{""#FF1A8AD2"":false,""#FF115FAE"":false,""#FF329EDD"":true}}";1;0;420;930;3810;GTN.EST_TIME.NONE;1;0
85;TEKKEN 8;2026-05-09 12:42:09;2026-05-09 12:50:07;8B_DahXLPkGSp0uwJ9n3Cg.jpg;c:\program files (x86)\steam\steamapps\common\TEKKEN 8;1778820;"{""HDREnabled"":false,""SteamGameArgs"":""""}";"{""KeyValuePairs"":{""Polaris-Win64-Shipping.exe"":true,""TEKKEN 8.exe"":true}}";2026-05-09 12:35:31;2026-05-09 12:51:16;"{""AccentColors"":{""accent"":""#812A4F"",""hover"":""#9B325F"",""pressed"":""#61203B""}}";"{""AccentColors"":{""#FFEB3654"":false,""#FF13305E"":false,""#FF812A4F"":true}}";1;0;0;0;0;GTN.EST_TIME.NONE;0;1
86;Subnautica 2;2026-05-14 17:08:02;2026-05-16 15:00:27;9NL8rgq2cki2yqf5iG-lsw.jpg;c:\program files (x86)\steam\steamapps\common\Subnautica2;1962700;"{""HDREnabled"":false,""SteamGameArgs"":""""}";"{""KeyValuePairs"":{""Subnautica2-Win64-Shipping.exe"":true,""Subnautica2.exe"":true}}";2026-05-14 17:02:14;2026-05-16 15:00:27;"{""AccentColors"":{""accent"":""#1EB1CE"",""hover"":""#24D4F7"",""pressed"":""#16859A""}}";"{""AccentColors"":{""#FF1EB1CE"":true,""#FF198CC3"":false,""#FF0F6798"":false}}";1;0;0;0;0;GTN.EST_TIME.NONE;0;0
87;Left 4 Dead 2;2026-05-17 09:10:57;2026-05-26 20:02:53;xKAbMM9z50-yIl8yEQsolg.jpg;c:\program files (x86)\steam\steamapps\common\Left 4 Dead 2;550;"{""HDREnabled"":false,""SteamGameArgs"":""-language;english""}";"{""KeyValuePairs"":{""left4dead2.exe"":true}}";2026-05-16 23:05:35;2026-05-26 20:02:53;"{""AccentColors"":{""accent"":""#A9862D"",""hover"":""#CBA136"",""pressed"":""#7F6422""}}";"{""AccentColors"":{""#FFC31718"":false,""#FFA9862D"":true,""#FF61730E"":false}}";1;0;0;0;0;GTN.EST_TIME.NONE;0;0
88;Dying Light;2026-05-18 16:01:05;2026-05-18 17:19:27;v2a7kxTS6Ue313iXDGaBsQ.jpg;c:\program files (x86)\steam\steamapps\common\Dying Light;239140;"{""HDREnabled"":false,""SteamGameArgs"":""""}";"{""KeyValuePairs"":{""DyingLightGame.exe"":true,""DyingLightPlayer.exe"":true}}";2026-05-18 15:09:26;2026-05-18 17:19:27;"{""AccentColors"":{""accent"":""#C07823"",""hover"":""#E6902A"",""pressed"":""#905A1A""}}";"{""AccentColors"":{""#FFC07823"":true,""#FFA15E21"":false,""#FFDCA339"":false}}";1;0;1080;2190;3840;GTN.EST_TIME.COMPLETIONIST;1;0
89;Dying Light 2: Reloaded Edition;2026-05-18 17:41:31;2026-05-18 18:37:32;21EPjv6z6U2KuQ1r02f1PQ.jpg;c:\program files (x86)\steam\steamapps\common\Dying Light 2;534380;"{""HDREnabled"":true,""SteamGameArgs"":""""}";"{""KeyValuePairs"":{""DyingLightGame_x64_rwdi.exe"":true}}";2026-05-18 17:37:35;2026-05-18 18:37:32;"{""AccentColors"":{""accent"":""#357EB0"",""hover"":""#4097D3"",""pressed"":""#285E84""}}";"{""AccentColors"":{""#FF1F55A4"":false,""#FF14397F"":false,""#FF357EB0"":true}}";1;0;0;0;0;GTN.EST_TIME.NONE;0;0
90;Dead Island Definitive Edition;2026-05-18 18:46:33;2026-05-25 00:03:45;ODrOkIXnfEqR7ar4yITysg.jpg;c:\program files (x86)\steam\steamapps\common\DIDE;383150;"{""HDREnabled"":false,""SteamGameArgs"":""""}";"{""KeyValuePairs"":{""DeadIslandGame.exe"":true}}";2026-05-18 18:43:42;2026-05-25 00:03:45;"{""AccentColors"":{""accent"":""#CD1515"",""hover"":""#F61919"",""pressed"":""#9A1010""}}";"{""AccentColors"":{""#FFCD1515"":true,""#FF1974AB"":false,""#FF19539C"":false}}";1;0;930;1470;3090;GTN.EST_TIME.MAIN_EXTRA;1;0
92;Warhammer: Vermintide 2;2026-06-08 20:56:11;2026-06-08 22:21:32;AhqyzCleS0S4e7cdgUX3Ww.jpg;c:\program files (x86)\steam\steamapps\common\Warhammer Vermintide 2;552500;"{""HDREnabled"":false,""SteamGameArgs"":""""}";"{""KeyValuePairs"":{""start_protected_game.exe"":false,""vermintide2.exe"":true,""GPUDetection.exe"":false,""vermintide2_dx12.exe"":false,""MicrosoftEdgeWebview2Setup.exe"":false}}";2026-05-22 06:31:33;2026-06-08 22:21:32;"{""AccentColors"":{""accent"":""#C81D2A"",""hover"":""#F02332"",""pressed"":""#961620""}}";"{""AccentColors"":{""#FFC81D2A"":true,""#FFE81C2B"":false,""#FF941923"":false}}";1;0;0;0;0;GTN.EST_TIME.NONE;0;0
93;Portal 2;2026-05-22 16:43:05;2026-05-29 19:27:16;73OAW7yYekW71yNwn-61Pg.jpg;c:\program files (x86)\steam\steamapps\common\Portal 2;620;"{""HDREnabled"":false,""SteamGameArgs"":""""}";"{""KeyValuePairs"":{""portal2.exe"":true}}";2026-05-22 16:40:53;2026-05-29 19:27:16;"{""AccentColors"":{""accent"":""#1EA7DC"",""hover"":""#24C8FF"",""pressed"":""#167DA5""}}";"{""AccentColors"":{""#FF1EA7DC"":true,""#FF42ACE6"":false,""#FF3DEBE9"":false}}";1;0;0;0;0;GTN.EST_TIME.NONE;0;0
94;007 First Light;2026-06-04 18:50:06;2026-06-06 16:35:05;ynIH4sSek0Ca2YGs45dU4w.jpg;c:\program files (x86)\steam\steamapps\common\007 First Light;3768760;"{""HDREnabled"":true,""SteamGameArgs"":""""}";"{""KeyValuePairs"":{""007FirstLight.exe"":true}}";2026-06-04 18:32:16;2026-06-06 16:35:05;"{""AccentColors"":{""accent"":""#897D4D"",""hover"":""#A4965C"",""pressed"":""#675E3A""}}";"{""AccentColors"":{""#FF591818"":false,""#FF194258"":false,""#FF897D4D"":true}}";1;0;930;1080;1410;GTN.EST_TIME.MAIN_EXTRA;1;0
95;Forza Horizon 6;2026-06-06 17:56:39;2026-06-12 10:18:08;EWIIAyyZ5EGeXUVCLPukrQ.jpg;c:\program files (x86)\steam\steamapps\common\ForzaHorizon6;2483190;"{""HDREnabled"":false,""SteamGameArgs"":""""}";"{""KeyValuePairs"":{""forzahorizon6.exe"":true,""forzaprotocolselector.exe"":false}}";2026-06-06 17:47:08;2026-06-12 10:18:08;"{""AccentColors"":{""accent"":""#E3357E"",""hover"":""#FF4097"",""pressed"":""#AA285E""}}";"{""AccentColors"":{""#FFB42D24"":false,""#FF981715"":false,""#FFE3357E"":true}}";1;0;1530;2280;3690;GTN.EST_TIME.MAIN_EXTRA;1;0
96;Grand Theft Auto IV: The Complete Edition;2026-06-12 12:26:49;2026-06-12 17:32:06;Qir8eq2t5E6TJ-gaEUwqjg.jpg;c:\program files (x86)\steam\steamapps\common\Grand Theft Auto IV;12210;"{""HDREnabled"":false,""SteamGameArgs"":""""}";"{""KeyValuePairs"":{""GTAIV.exe"":true,""PlayGTAIV.exe"":false,""gtaEncoder.exe"":false,""Social-Club-Setup.exe"":false}}";2026-06-12 12:17:52;2026-06-12 17:35:10;"{""AccentColors"":{""accent"":""#EB873D"",""hover"":""#FFA249"",""pressed"":""#B0652E""}}";"{""AccentColors"":{""#FFBF1314"":false,""#FFEB873D"":true,""#FFA13B27"":false}}";1;0;0;0;0;GTN.EST_TIME.NONE;0;1
98;Grand Theft Auto V Legacy;2026-06-15 08:46:39;2026-06-15 17:49:34;Avf3OvXPkU6yjURme6kuFA.jpg;c:\program files (x86)\steam\steamapps\common\Grand Theft Auto V;271590;"{""HDREnabled"":false,""SteamGameArgs"":""""}";"{""KeyValuePairs"":{""GTA5.exe"":true,""GTA5_BE.exe"":false,""PlayGTAV.exe"":false,""Social-Club-Setup.exe"":false,""GTAVLanguageSelect.exe"":false}}";2026-06-13 16:34:32;2026-06-15 17:49:34;"{""AccentColors"":{""accent"":""#E2455B"",""hover"":""#FF536D"",""pressed"":""#AA3444""}}";"{""AccentColors"":{""#FFE2455B"":true,""#FFB93364"":false,""#FFEC3F3C"":false}}";1;0;0;0;0;GTN.EST_TIME.NONE;0;0
